"","players","pos","team","age","yrs_league","full_contr","avg"
"1","Mike Trout","CF","LAA",28,12,426500000,35541667
"2","Bryce Harper","RF","PHI",27,13,3.3e+08,25384615
"3","Giancarlo Stanton","DH","NYY",30,13,3.25e+08,2.5e+07
"4","Gerrit Cole","SP","NYY",29,9,3.24e+08,3.6e+07
"5","Manny Machado","3B","SD",27,10,3e+08,3e+07
"6","Nolan Arenado","3B","COL",29,8,2.6e+08,32500000
"7","Miguel Cabrera","DH","DET",37,8,2.48e+08,3.1e+07
"8","Stephen Strasburg","SP","WSH",31,7,2.45e+08,3.5e+07
"9","Anthony Rendon","3B","LAA",30,7,2.45e+08,3.5e+07
"10","Robinson Cano","2B","NYM",37,10,2.4e+08,2.4e+07
"11","Albert Pujols","DH","LAA",40,10,2.4e+08,2.4e+07
"12","Joey Votto","1B","CIN",36,10,2.25e+08,22500000
"13","David Price","SP","LAD",34,7,2.17e+08,3.1e+07
"14","Max Scherzer","SP","WSH",35,7,2.1e+08,3e+07
"15","Zack Greinke","SP","HOU",36,6,206500000,34416667
"16","Christian Yelich","LF","MIL",28,7,188500000,26928571
"17","Jason Heyward","RF","CHC",30,8,1.84e+08,2.3e+07
"18","Jose Altuve","2B","HOU",30,7,163500000,23357143
"19","Chris Davis","1B","BAL",34,7,1.61e+08,2.3e+07
"20","Buster Posey","C","SF",33,8,1.59e+08,19875000
"21","Jon Lester","SP","CHC",36,6,1.55e+08,25833333
"22","Masahiro Tanaka","SP","NYY",31,7,1.55e+08,22142857
"23","Chris Sale","SP","BOS",31,5,1.45e+08,2.9e+07
"24","Eric Hosmer","1B","SD",30,8,1.44e+08,1.8e+07
"25","Patrick Corbin","SP","WSH",31,6,1.4e+08,23333333
"26","Jacob deGrom","SP","NYM",32,5,137500000,27500000
"27","Freddie Freeman","1B","ATL",30,8,1.35e+08,16875000
"28","Shin-Soo Choo","DH","TEX",37,7,1.3e+08,18571429
"29","Johnny Cueto","SP","SF",34,6,1.3e+08,21666667
"30","Paul Goldschmidt","1B","STL",32,5,1.3e+08,2.6e+07
"31","Yu Darvish","SP","CHC",33,6,1.26e+08,2.1e+07
"32","Elvis Andrus","SS","TEX",31,8,1.2e+08,1.5e+07
"33","Xander Bogaerts","SS","BOS",27,6,1.2e+08,2e+07
"34","Zack Wheeler","SP","PHI",30,5,1.18e+08,23600000
"35","Dustin Pedroia","2B","BOS",36,8,1.1e+08,13750000
"36","Jordan Zimmermann","SP","DET",34,5,1.1e+08,2.2e+07
"37","J.D. Martinez","DH","BOS",32,5,1.1e+08,2.2e+07
"38","Yoenis Cespedes","LF","NYM",34,4,1.1e+08,27500000
"39","Charlie Blackmon","RF","COL",33,6,1.08e+08,1.8e+07
"40","Justin Upton","LF","LAA",32,5,1.06e+08,21200000
"41","Ryan Braun","1B","MIL",36,5,1.05e+08,2.1e+07
"42","Evan Longoria","3B","SF",34,6,1e+08,16666667
"43","Kyle Seager","3B","SEA",32,7,1e+08,14285714
"44","Alex Bregman","3B","HOU",26,5,1e+08,2e+07
"45","Ronald Acuna","OF","ATL",22,8,1e+08,12500000
"46","Clayton Kershaw","SP","LAD",32,3,9.3e+07,3.1e+07
"47","Josh Donaldson","3B","MIN",34,4,9.2e+07,2.3e+07
"48","Jeff Samardzija","SP","SF",35,5,9e+07,1.8e+07
"49","Madison Bumgarner","SP","ARI",30,5,8.5e+07,1.7e+07
"50","Wil Myers","LF","SD",29,6,8.3e+07,13833333
"51","Dexter Fowler","RF","STL",34,5,82500000,16500000
"52","Hyun-Jin Ryu","SP","TOR",33,4,8e+07,2e+07
"53","Mike Leake","SP","ARI",32,5,8e+07,1.6e+07
"54","Lorenzo Cain","CF","MIL",34,5,8e+07,1.6e+07
"55","Kenley Jansen","RP","LAD",32,5,8e+07,1.6e+07
"56","Jake Arrieta","SP","PHI",34,3,7.5e+07,2.5e+07
"57","Brandon Crawford","SS","SF",33,6,7.5e+07,12500000
"58","Yasmani Grandal","C","CHW",31,4,7.3e+07,18250000
"59","Brandon Belt","1B","SF",32,5,72800000,14560000
"60","Yoan Moncada","3B","CHW",25,5,7e+07,1.4e+07
"61","Ian Kennedy","RP","KC",35,5,7e+07,1.4e+07
"62","Ian Desmond","CF","COL",34,5,7e+07,1.4e+07
"63","Jean Segura","2B","PHI",30,5,7e+07,1.4e+07
"64","Aaron Hicks","CF","NYY",30,7,7e+07,1e+07
"65","Nathan Eovaldi","SP","BOS",30,4,6.8e+07,1.7e+07
"66","Miles Mikolas","SP","STL",31,4,6.8e+07,1.7e+07
"67","Justin Verlander","SP","HOU",37,2,6.6e+07,3.3e+07
"68","Eugenio Suarez","3B","CIN",28,6,6.6e+07,1.1e+07
"69","Danny Duffy","SP","KC",31,5,6.5e+07,1.3e+07
"70","Mike Moustakas","3B","CIN",31,4,6.4e+07,1.6e+07
"71","Nick Castellanos","RF","CIN",28,4,6.4e+07,1.6e+07
"72","Justin Turner","3B","LAD",35,4,6.4e+07,1.6e+07
"73","Mark Melancon","RP","ATL",35,4,6.2e+07,15500000
"74","Carlos Santana","1B","CLE",34,3,6e+07,2e+07
"75","A.J. Pollock","OF","LAD",32,5,6e+07,1.2e+07
"76","Yadier Molina","C","STL",37,3,6e+07,2e+07
"77","Andrelton Simmons","SS","LAA",30,7,5.8e+07,8285714
"78","Alex Cobb","SP","BAL",32,4,5.7e+07,14250000
"79","Kyle Hendricks","SP","CHC",30,4,55500000,13875000
"80","Dallas Keuchel","SP","CHW",32,3,55500000,18500000
"81","Kevin Kiermaier","CF","TB",30,6,53500000,8916667
"82","Salvador Perez","C","KC",30,6,52500000,8750000
"83","Josh Reddick","RF","HOU",33,4,5.2e+07,1.3e+07
"84","Wade Davis","RP","COL",34,3,5.2e+07,17333333
"85","Randal Grichuk","CF","TOR",28,5,5.2e+07,10400000
"86","Carlos Martinez","SP","STL",28,5,5.1e+07,10200000
"87","Andrew McCutchen","RF","PHI",33,3,5e+07,16666667
"88","Dee Gordon","2B","SEA",32,5,5e+07,1e+07
"89","Blake Snell","SP","TB",27,5,5e+07,1e+07
"90","Jose Abreu","1B","CHW",33,3,5e+07,16666667
"91","Luis Robert","OF","CHW",22,6,5e+07,8333333
"92","Rougned Odor","2B","TEX",26,6,49500000,8250000
"93","Aroldis Chapman","RP","NYY",32,3,4.8e+07,1.6e+07
"94","Yulieski Gurriel","1B","HOU",36,5,47500000,9500000
"95","Carlos Carrasco","SP","CLE",33,4,4.7e+07,11750000
"96","Aaron Nola","SP","PHI",27,4,4.5e+07,11250000
"97","Craig Kimbrel","RP","CHC",32,3,4.3e+07,14333333
"98","German Marquez","SP","COL",25,5,4.3e+07,8600000
"99","Eloy Jimenez","LF","CHW",23,6,4.3e+07,7166667
"100","Yusei Kikuchi","SP","SEA",29,3,4.3e+07,14333333
"101","Anthony Rizzo","1B","CHC",30,7,4.1e+07,5857143
"102","Luis Severino","SP","NYY",26,4,4e+07,1e+07
"103","Will Smith","RP","ATL",30,3,4e+07,13333333
"104","Jay Bruce","RF","PHI",33,3,3.9e+07,1.3e+07
"105","Zack Britton","RP","NYY",32,3,3.9e+07,1.3e+07
"106","Matt Carpenter","3B","STL",34,2,3.9e+07,19500000
"107","Tyler Chatwood","SP","CHC",30,3,3.8e+07,12666667
"108","Gregory Polanco","RF","PIT",28,5,3.5e+07,7e+06
"109","Max Kepler","CF","MIN",27,5,3.5e+07,7e+06
"110","Ozzie Albies","2B","ATL",23,7,3.5e+07,5e+06
"111","J.A. Happ","SP","NYY",37,2,3.4e+07,1.7e+07
"112","Drew Pomeranz","RP","SD",31,4,3.4e+07,8500000
"113","Khris Davis","DH","OAK",32,2,33500000,16750000
"114","Stephen Piscotty","RF","OAK",29,6,33500000,5583333
"115","Nick Ahmed","SS","ARI",30,4,32500000,8125000
"116","Michael Brantley","LF","HOU",33,2,3.2e+07,1.6e+07
"117","Ender Inciarte","CF","ATL",29,5,30525000,6105000
"118","Brett Cecil","RP","STL",33,4,30500000,7625000
"119","Sonny Gray","SP","CIN",30,3,30500000,10166667
"120","Marco Gonzales","SP","SEA",28,4,3e+07,7500000
"121","Miguel Sano","1B","MIN",27,3,3e+07,1e+07
"122","Charlie Morton","SP","TB",36,2,3e+07,1.5e+07
"123","Lance Lynn","SP","TEX",33,3,3e+07,1e+07
"124","Jeurys Familia","RP","NYM",30,3,3e+07,1e+07
"125","Kyle Gibson","SP","TEX",32,3,2.8e+07,9333333
"126","Mike Minor","SP","TEX",32,3,2.8e+07,9333333
"127","Trevor Story","SS","COL",27,2,27500000,13750000
"128","Adam Ottavino","RP","NYY",34,3,2.7e+07,9e+06
"129","Bryan Shaw","RP","COL",32,3,2.7e+07,9e+06
"130","Mookie Betts","RF","LAD",27,1,2.7e+07,2.7e+07
"131","Jake McGee","RP","COL",33,3,2.7e+07,9e+06
"132","Jose Ramirez","3B","CLE",27,4,2.6e+07,6500000
"133","Paul DeJong","SS","STL",26,6,2.6e+07,4333333
"134","Max Muncy","1B","LAD",29,3,2.6e+07,8666667
"135","Jorge Polanco","SS","MIN",26,5,25750000,5150000
"136","Chris Archer","SP","PIT",31,6,25500000,4250000
"137","Kolten Wong","2B","STL",29,5,25500000,5100000
"138","Andrew Miller","RP","STL",35,2,2.5e+07,12500000
"139","Joe Kelly","RP","LAD",32,3,2.5e+07,8333333
"140","Kenta Maeda","SP","MIN",32,8,2.5e+07,3125000
"141","Tim Anderson","SS","CHW",27,6,2.5e+07,4166667
"142","Raisel Iglesias","RP","CIN",30,3,24125000,8041667
"143","Will Harris","RP","WSH",35,3,2.4e+07,8e+06
"144","Daniel Murphy","1B","COL",35,2,2.4e+07,1.2e+07
"145","D.J. LeMahieu","2B","NYY",31,2,2.4e+07,1.2e+07
"146","Ketel Marte","2B","ARI",26,5,2.4e+07,4800000
"147","Scott Kingery","SS","PHI",26,6,2.4e+07,4e+06
"148","Brandon Lowe","2B","TB",25,6,2.4e+07,4e+06
"149","Evan White","1B","SEA",24,6,2.4e+07,4e+06
"150","Tanner Roark","SP","TOR",33,2,2.4e+07,1.2e+07
"151","Adam Eaton","RF","WSH",31,5,23500000,4700000
"152","David Robertson","RP","PHI",35,2,2.3e+07,11500000
"153","Felipe Vazquez","RP","PIT",28,4,22500000,5625000
"154","Lourdes Gurriel Jr.","2B","TOR",26,7,2.2e+07,3142857
"155","David Peralta","LF","ARI",32,3,2.2e+07,7333333
"156","Shogo Akiyama","OF","CIN",32,3,2.1e+07,7e+06
"157","Eduardo Escobar","3B","ARI",31,3,2.1e+07,7e+06
"158","Marwin Gonzalez","3B","MIN",31,2,2.1e+07,10500000
"159","George Springer","CF","HOU",30,1,2.1e+07,2.1e+07
"160","Michael Pineda","SP","MIN",31,2,2e+07,1e+07
"161","Jed Lowrie","2B","NYM",36,2,2e+07,1e+07
"162","Avisail Garcia","RF","MIL",29,2,2e+07,1e+07
"163","Brad Hand","RP","CLE",30,3,19750000,6583333
"164","Anibal Sanchez","SP","WSH",36,2,1.9e+07,9500000
"165","Wilson Ramos","C","NYM",32,2,1.9e+07,9500000
"166","Kris Bryant","3B","CHC",28,1,18600000,18600000
"167","Cole Hamels","SP","ATL",36,1,1.8e+07,1.8e+07
"168","Marcell Ozuna","LF","ATL",29,1,1.8e+07,1.8e+07
"169","Kelvin Herrera","RP","CHW",30,2,1.8e+07,9e+06
"170","Jake Odorizzi","SP","MIN",30,1,17800000,17800000
"171","Trevor Bauer","SP","CIN",29,1,17500000,17500000
"172","Ryan Pressly","RP","HOU",31,2,17500000,8750000
"173","Corey Dickerson","LF","MIA",31,2,17500000,8750000
"174","Francisco Lindor","SS","CLE",26,1,17500000,17500000
"175","Whit Merrifield","OF","KC",31,4,16250000,4062500
"176","Aaron Bummer","RP","CHW",26,5,1.6e+07,3200000
"177","Jordan Lyles","SP","TEX",29,2,1.6e+07,8e+06
"178","Kole Calhoun","RF","ARI",32,2,1.6e+07,8e+06
"179","Travis d'Arnaud","C","ATL",31,2,1.6e+07,8e+06
"180","Tucker Barnhart","C","CIN",29,4,1.6e+07,4e+06
"181","Garrett Richards","SP","SD",32,2,15500000,7750000
"182","Freddy Peralta","SP","MIL",24,5,15500000,3100000
"183","Joakim Soria","RP","OAK",36,2,1.5e+07,7500000
"184","David Bote","2B","CHC",27,5,1.5e+07,3e+06
"185","Wade Miley","SP","CIN",33,2,1.5e+07,7500000
"186","Jose Leclerc","RP","TEX",26,4,14750000,3687500
"187","Nelson Cruz","DH","MIN",39,1,14300000,14300000
"188","Michael Fiers","SP","OAK",35,2,14100000,7050000
"189","Chris Martin","RP","ATL",34,2,1.4e+07,7e+06
"190","Didi Gregorius","SS","PHI",30,1,1.4e+07,1.4e+07
"191","Chris Taylor","2B","LAD",29,2,13400000,6700000
"192","Christian Vazquez","C","BOS",29,3,13350000,4450000
"193","Scott Oberg","RP","COL",30,3,1.3e+07,4333333
"194","Marcus Semien","SS","OAK",29,1,1.3e+07,1.3e+07
"195","James Paxton","SP","NYY",31,1,12500000,12500000
"196","Brett Gardner","LF","NYY",36,1,12500000,12500000
"197","Starlin Castro","2B","WSH",30,2,1.2e+07,6e+06
"198","Edwin Encarnacion","DH","CHW",37,1,1.2e+07,1.2e+07
"199","Yoshitomo Tsutsugo","OF","TB",28,2,1.2e+07,6e+06
"200","Marcus Stroman","SP","NYM",29,1,1.2e+07,1.2e+07
"201","Cody Bellinger","OF","LAD",24,1,11500000,11500000
"202","Daniel Hudson","RP","WSH",33,2,1.1e+07,5500000
"203","Jackie Bradley Jr.","CF","BOS",30,1,1.1e+07,1.1e+07
"204","Alex Colome","RP","CHW",31,1,10532500,10532500
"205","Dellin Betances","RP","NYM",32,1,10500000,10500000
"206","Sean Doolittle","RP","WSH",33,5,10500000,2100000
"207","Miguel Rojas","SS","MIA",31,2,10250000,5125000
"208","Yusmeiro Petit","RP","OAK",35,2,1e+07,5e+06
"209","Kurt Suzuki","C","WSH",36,2,1e+07,5e+06
"210","J.T. Realmuto","C","PHI",29,1,1e+07,1e+07
"211","Justin Wilson","RP","NYM",32,2,1e+07,5e+06
"212","Andrew Benintendi","LF","BOS",25,2,1e+07,5e+06
"213","Blake Treinen","RP","LAD",31,1,1e+07,1e+07
"214","Rick Porcello","SP","NYM",31,1,1e+07,1e+07
"215","Roberto Osuna","RP","HOU",25,1,1e+07,1e+07
"216","Yan Gomes","C","WSH",32,2,1e+07,5e+06
"217","Javier Baez","SS","CHC",27,1,1e+07,1e+07
"218","Noah Syndergaard","SP","NYM",27,1,9700000,9700000
"219","Ken Giles","RP","TOR",29,1,9600000,9600000
"220","Robbie Ray","SP","ARI",28,1,9430000,9430000
"221","Josh Lindblom","SP","MIL",33,3,9125000,3041667
"222","Craig Stammen","RP","SD",36,2,9e+06,4500000
"223","Julio Teheran","SP","LAA",29,1,9e+06,9e+06
"224","Roberto Perez","C","CLE",31,4,9e+06,2250000
"225","Kevin Gausman","SP","SF",29,1,9e+06,9e+06
"226","Aaron Judge","RF","NYY",28,1,8500000,8500000
"227","Eduardo Rodriguez","SP","BOS",27,1,8300000,8300000
"228","Jonathan Villar","OF","MIA",29,1,8200000,8200000
"229","Kwang-hyun Kim","SP","STL",31,2,8e+06,4e+06
"230","Michael Conforto","RF","NYM",27,1,8e+06,8e+06
"231","Jesse Chavez","RP","TEX",36,2,8e+06,4e+06
"232","Carlos Correa","SS","HOU",25,1,8e+06,8e+06
"233","Joe Smith","RP","HOU",36,2,8e+06,4e+06
"234","Tommy Pham","CF","SD",32,1,7900000,7900000
"235","Eddie Rosario","LF","MIN",28,1,7750000,7750000
"236","Joc Pederson","LF","LAD",28,1,7750000,7750000
"237","Corey Seager","SS","LAD",26,1,7600000,7600000
"238","Jake Diekman","RP","OAK",33,2,7500000,3750000
"239","Trea Turner","SS","WSH",26,1,7450000,7450000
"240","Jorge Soler","DH","KC",28,1,7300000,7300000
"241","Kirby Yates","RP","SD",33,1,7062500,7062500
"242","Kyle Schwarber","LF","CHC",27,1,7010000,7010000
"243","Martin Maldonado","C","HOU",33,2,7e+06,3500000
"244","Homer Bailey","SP","MIN",34,1,7e+06,7e+06
"245","Jason Castro","C","LAA",33,1,6850000,6850000
"246","Robinson Chirinos","C","TEX",36,1,6750000,6750000
"247","Mike Foltynewicz","SP","ATL",28,1,6425000,6425000
"248","Shun Yamaguchi","P","TOR",32,2,6350000,3175000
"249","Howie Kendrick","2B","WSH",36,1,6250000,6250000
"250","Jeff Mathis","C","TEX",37,2,6250000,3125000
"251","Cesar Hernandez","2B","CLE",30,1,6250000,6250000
"252","Wilmer Flores","2B","SF",28,2,6250000,3125000
"253","Shane Greene","RP","ATL",31,1,6250000,6250000
"254","Jonathan Schoop","2B","DET",28,1,6100000,6100000
"255","C.J. Cron","1B","DET",30,1,6100000,6100000
"256","Steve Cishek","RP","CHW",34,1,6e+06,6e+06
"257","Martin Perez","SP","BOS",29,1,6e+06,6e+06
"258","Anthony DeSclafani","SP","CIN",30,1,5900000,5900000
"259","Enrique Hernandez","CF","LAD",28,1,5900000,5900000
"260","Jurickson Profar","2B","SD",27,1,5700000,5700000
"261","Jon Gray","SP","COL",28,1,5600000,5600000
"262","Nomar Mazara","RF","CHW",25,1,5560000,5560000
"263","Jake Lamb","1B","ARI",29,1,5515000,5515000
"264","Merrill Kelly","RP","ARI",31,2,5500000,2750000
"265","Joely Rodriguez","RP","TEX",28,2,5500000,2750000
"266","James McCann","C","CHW",30,1,5400000,5400000
"267","Matt Boyd","SP","DET",29,1,5300000,5300000
"268","Liam Hendriks","RP","OAK",31,1,5300000,5300000
"269","Zach Davies","SP","SD",27,1,5250000,5250000
"270","Corey Knebel","RP","MIL",28,1,5125000,5125000
"271","Edwin Diaz","RP","NYM",26,1,5100000,5100000
"272","Dylan Bundy","SP","LAA",27,1,5e+06,5e+06
"273","Steven Matz","SP","NYM",29,1,5e+06,5e+06
"274","Justin Smoak","1B","MIL",33,1,5e+06,5e+06
"275","Todd Frazier","3B","TEX",34,1,5e+06,5e+06
"276","Gio Gonzalez","SP","CHW",34,1,5e+06,5e+06
"277","Daniel Descalso","2B","CHC",33,2,5e+06,2500000
"278","Pierce Johnson","RP","SD",29,2,5e+06,2500000
"279","Freddy Galvis","SS","CIN",30,1,5e+06,5e+06
"280","Gary Sanchez","C","NYY",27,1,5e+06,5e+06
"281","Brett Anderson","SP","MIL",32,1,5e+06,5e+06
"282","Adam Wainwright","SP","STL",38,1,5e+06,5e+06
"283","Sergio Romo","RP","MIN",37,1,5e+06,5e+06
"284","Josh Bell","1B","PIT",27,1,4800000,4800000
"285","Mark Canha","LF","OAK",31,1,4800000,4800000
"286","Trey Mancini","1B","BAL",28,1,4750000,4750000
"287","Hector Neris","RP","PHI",31,1,4600000,4600000
"288","Eric Sogard","3B","MIL",34,1,4500000,4500000
"289","Mike Zunino","C","TB",29,1,4500000,4500000
"290","Willson Contreras","C","CHC",28,1,4500000,4500000
"291","Carlos Rodon","SP","CHW",27,1,4450000,4450000
"292","Taylor Rogers","RP","MIN",29,1,4450000,4450000
"293","Joey Gallo","LF","TEX",26,1,4400000,4400000
"294","Andrew Heaney","SP","LAA",29,1,4300000,4300000
"295","Alex Avila","C","MIN",33,1,4250000,4250000
"296","Kevin Pillar","CF","BOS",31,1,4250000,4250000
"297","Matt Shoemaker","SP","TOR",33,1,4200000,4200000
"298","Austin Romine","C","DET",31,1,4150000,4150000
"299","Archie Bradley","RP","ARI",27,1,4100000,4100000
"300","Lance McCullers","SP","HOU",26,1,4100000,4100000
"301","Josh Hader","RP","MIL",26,1,4100000,4100000
"302","Mike Clevinger","SP","CLE",29,1,4100000,4100000
"303","Jose Berrios","SP","MIN",26,1,4025000,4025000
"304","Pedro Baez","RP","LAD",32,1,4e+06,4e+06
"305","Eric Thames","1B","WSH",33,1,4e+06,4e+06
"306","Tyler Flowers","C","ATL",34,1,4e+06,4e+06
"307","Nick Markakis","RF","ATL",36,1,4e+06,4e+06
"308","Alex Wood","SP","LAD",29,1,4e+06,4e+06
"309","Drew Smyly","SP","SF",31,1,4e+06,4e+06
"310","Travis Shaw","1B","TOR",30,1,4e+06,4e+06
"311","Alex Gordon","OF","KC",36,1,4e+06,4e+06
"312","Brad Peacock","SP","HOU",32,1,3900000,3900000
"313","Hansel Robles","RP","LAA",29,1,3850000,3850000
"314","Jose Urena","SP","MIA",28,1,3750000,3750000
"315","Sean Manaea","SP","OAK",28,1,3750000,3750000
"316","Keone Kela","RP","PIT",27,1,3725000,3725000
"317","Michael Lorenzen","RP","CIN",28,1,3725000,3725000
"318","Robbie Grossman","OF","OAK",30,1,3725000,3725000
"319","Vincent Velasquez","SP","PHI",28,1,3600000,3600000
"320","Daniel Santana","OF","TEX",29,1,3600000,3600000
"321","Brandon Workman","RP","BOS",31,1,3500000,3500000
"322","Michael Taylor","CF","WSH",29,1,3325000,3325000
"323","Jake Marisnick","CF","NYM",29,1,3312500,3312500
"324","Hunter Renfroe","RF","TB",28,1,3300000,3300000
"325","Brandon Kintzler","RP","MIA",35,1,3250000,3250000
"326","Jose Martinez","1B","TB",31,2,3250000,1625000
"327","Leury Garcia","2B","CHW",29,1,3250000,3250000
"328","Tommy La Stella","2B","LAA",31,1,3250000,3250000
"329","Adam Duvall","RF","ATL",31,1,3250000,3250000
"330","Brock Holt","2B","MIL",32,1,3250000,3250000
"331","Mychal Givens","RP","BAL",30,1,3225000,3225000
"332","Dansby Swanson","SS","ATL",26,1,3150000,3150000
"333","Matt Barnes","RP","BOS",30,1,3100000,3100000
"334","Mike Montgomery","SP","KC",30,1,3100000,3100000
"335","Byron Buxton","CF","MIN",26,1,3075000,3075000
"336","Andrew Chafin","RP","ARI",30,1,3045000,3045000
"337","Mitch Haniger","RF","SEA",29,1,3010000,3010000
"338","Jose Iglesias","SS","BAL",30,1,3e+06,3e+06
"339","Hector Rondon","RP","ARI",32,1,3e+06,3e+06
"340","Austin Hedges","C","SD",27,1,3e+06,3e+06
"341","Hunter Pence","RF","SF",37,1,3e+06,3e+06
"342","Tony Watson","RP","SF",35,1,3e+06,3e+06
"343","Michael Wacha","RP","NYM",28,1,3e+06,3e+06
"344","Stephen Vogt","C","ARI",35,1,3e+06,3e+06
"345","Mitch Moreland","1B","BOS",34,1,3e+06,3e+06
"346","Rich Hill","SP","MIN",40,1,3e+06,3e+06
"347","Daniel Norris","SP","DET",27,1,2960000,2960000
"348","Maikel Franco","3B","KC",27,1,2950000,2950000
"349","Jose Alvarez","RP","PHI",31,1,2950000,2950000
"350","Kyle Freeland","SP","COL",27,1,2875000,2875000
"351","Joe Panik","2B","TOR",29,1,2850000,2850000
"352","Jose Peraza","SS","BOS",26,1,2850000,2850000
"353","Trevor Williams","SP","PIT",28,1,2825000,2825000
"354","Joe Musgrove","SP","PIT",27,1,2800000,2800000
"355","Adam Frazier","2B","PIT",28,1,2800000,2800000
"356","Michael Fulmer","SP","DET",27,1,2800000,2800000
"357","Cam Bedrosian","RP","LAA",28,1,2800000,2800000
"358","Tyler Clippard","RP","MIN",35,1,2750000,2750000
"359","Darren O'Day","RP","ATL",37,1,2750000,2750000
"360","Omar Narvaez","C","MIL",28,1,2725000,2725000
"361","Junior Guerra","RP","ARI",35,1,2650000,2650000
"362","Tommy Kahnle","RP","NYY",30,1,2650000,2650000
"363","Zach Eflin","SP","PHI",26,1,2625000,2625000
"364","Aledmys Diaz","SS","HOU",29,1,2600000,2600000
"365","Jesus Aguilar","1B","MIA",29,1,2575000,2575000
"366","Asdrubal Cabrera","2B","WSH",34,1,2500000,2500000
"367","Brent Suter","RP","MIL",30,2,2500000,1250000
"368","Oliver Perez","RP","CLE",38,1,2500000,2500000
"369","Manuel Margot","CF","TB",25,1,2475000,2475000
"370","David Dahl","OF","COL",26,1,2475000,2475000
"371","Giovanny Urshela","3B","NYY",28,1,2475000,2475000
"372","Mallex Smith","LF","SEA",27,1,2350000,2350000
"373","Jameson Taillon","SP","PIT",28,1,2250000,2250000
"374","Chris Bassitt","SP","OAK",31,1,2250000,2250000
"375","Trevor May","RP","MIN",30,1,2205000,2205000
"376","Brian Dozier","2B","SD",33,1,2200000,2200000
"377","Brian Goodwin","RF","LAA",29,1,2200000,2200000
"378","Chaz Roe","RP","TB",33,1,2185200,2185200
"379","Brandon Nimmo","CF","NYM",27,1,2175000,2175000
"380","Ross Stripling","RP","LAD",30,1,2100000,2100000
"381","Brad Brach","RP","NYM",34,2,2100000,1050000
"382","Tyler Glasnow","SP","TB",26,1,2050000,2050000
"383","Brandon Drury","3B","TOR",27,1,2050000,2050000
"384","Chad Pinder","LF","OAK",28,1,2025000,2025000
"385","Trevor Cahill","RP","SF",32,1,2e+06,2e+06
"386","Trevor Rosenthal","RP","KC",30,1,2e+06,2e+06
"387","Jedd Gyorko","3B","MIL",31,1,2e+06,2e+06
"388","Seth Lugo","RP","NYM",30,1,2e+06,2e+06
"389","Matt Wieters","C","STL",34,1,2e+06,2e+06
"390","Ryan Zimmerman","1B","WSH",35,1,2e+06,2e+06
"391","Francisco Cervelli","C","MIA",34,1,2e+06,2e+06
"392","Chris Devenski","RP","HOU",29,1,2e+06,2e+06
"393","Jarrod Dyson","CF","PIT",35,1,2e+06,2e+06
"394","Taijuan Walker","SP","SEA",27,1,2e+06,2e+06
"395","Brad Miller","2B","STL",30,1,2e+06,2e+06
"396","Sandy Leon","C","CLE",31,1,2e+06,2e+06
"397","Kendall Graveman","SP","SEA",29,1,2e+06,2e+06
"398","Pablo Sandoval","3B","SF",33,1,2e+06,2e+06
"399","Roenis Elias","RP","WSH",31,1,1975000,1975000
"400","Tony Wolters","C","COL",28,1,1900000,1900000
"401","Delino DeShields","CF","CLE",27,1,1875000,1875000
"402","Luke Jackson","RP","ATL",28,1,1825000,1825000
"403","Pedro Strop","RP","CIN",35,1,1825000,1825000
"404","T.J. McFarland","RP","OAK",31,1,1800000,1800000
"405","Tyler Anderson","SP","SF",30,1,1775000,1775000
"406","Alexander Claudio","RP","MIL",28,1,1750000,1750000
"407","Johan Camargo","3B","ATL",26,1,1700000,1700000
"408","Hanser Alberto","2B","BAL",31,1,1650000,1650000
"409","Heath Hembree","RP","BOS",31,1,1612500,1612500
"410","Ehire Adrianza","SS","MIN",30,1,1600000,1600000
"411","Yoshihisa Hirano","RP","SEA",36,1,1600000,1600000
"412","Jhoulys Chacin","SP","MIN",32,1,1600000,1600000
"413","Albert Almora","CF","CHC",26,1,1575000,1575000
"414","Adam Morgan","RP","PHI",30,1,1575000,1575000
"415","Jacoby Jones","CF","DET",28,1,1575000,1575000
"416","Adam Conley","RP","MIA",30,1,1525000,1525000
"417","Anthony Bass","RP","TOR",32,1,1500000,1500000
"418","Francisco Liriano","RP","PHI",36,1,1500000,1500000
"419","Matt Joyce","LF","MIA",35,1,1500000,1500000
"420","Greg Garcia","2B","SD",30,1,1500000,1500000
"421","Ivan Nova","SP","DET",33,1,1500000,1500000
"422","Joe Ross","SP","WSH",27,1,1500000,1500000
"423","Cameron Maybin","RF","DET",33,1,1500000,1500000
"424","Domingo Santana","RF","CLE",27,1,1500000,1500000
"425","Jon Jay","RF","ARI",35,1,1500000,1500000
"426","David Phelps","RP","MIL",33,1,1500000,1500000
"427","Curt Casali","C","CIN",31,1,1462500,1462500
"428","Tyler Naquin","RF","CLE",29,1,1450000,1450000
"429","Juan Lagares","CF","SD",31,1,1400000,1400000
"430","Ben Gamel","LF","MIL",28,1,1400000,1400000
"431","Matthew Strahm","RP","SD",28,1,1400000,1400000
"432","Matt Andriese","RP","LAA",30,1,1395000,1395000
"433","Donovan Solano","2B","SF",32,1,1375000,1375000
"434","John Gant","RP","STL",27,1,1300000,1300000
"435","Dinelson Lamet","SP","SD",27,1,1300000,1300000
"436","Cody Allen","RP","TEX",31,1,1300000,1300000
"437","Chad Green","RP","NYY",29,1,1275000,1275000
"438","Greg Holland","RP","KC",34,1,1250000,1250000
"439","Jimmy Nelson","RP","LAD",31,1,1250000,1250000
"440","Robert Gsellman","RP","NYM",26,1,1225000,1225000
"441","Tyler Duffey","RP","MIN",29,1,1200000,1200000
"442","Buck Farmer","RP","DET",29,1,1150000,1150000
"443","Nick Wittgren","RP","CLE",29,1,1125000,1125000
"444","Austin Barnes","C","LAD",30,1,1100000,1100000
"445","Michael Feliz","RP","PIT",26,1,1100000,1100000
"446","Evan Marshall","RP","CHW",30,1,1100000,1100000
"447","Yimi Garcia","RP","MIA",29,1,1100000,1100000
"448","Carlos Estevez","RP","COL",27,1,1080000,1080000
"449","Miguel Castro","RP","BAL",25,1,1050000,1050000
"450","Oliver Drake","RP","TB",33,1,1025000,1025000
"451","Daniel Robertson","SS","TB",26,1,1025000,1025000
"452","Jason Kipnis","2B","CHC",33,1,1e+06,1e+06
"453","Julio Urias","SP","LAD",23,1,1e+06,1e+06
"454","Guillermo Heredia","CF","PIT",29,1,1e+06,1e+06
"455","Hernan Perez","2B","CHC",29,1,1e+06,1e+06
"456","Charlie Culberson","2B","ATL",31,1,1e+06,1e+06
"457","Javy Guerra","RP","WSH",34,1,1e+06,1e+06
"458","Wilmer Difo","SS","WSH",28,1,1e+06,1e+06
"459","Adeiny Hechavarria","SS","ATL",31,1,1e+06,1e+06
"460","Rafael Dolis","RP","TOR",32,1,1e+06,1e+06
"461","Steven Souza","RF","CHC",31,1,1e+06,1e+06
"462","Felix Hernandez","SP","ATL",34,1,1e+06,1e+06
"463","Brad Boxberger","RP","MIA",32,1,1e+06,1e+06
"464","Kyle Ryan","RP","CHC",28,1,975000,975000
"465","C.J. Edwards","RP","SEA",28,1,950000,950000
"466","Alex Dickerson","LF","SF",30,1,925000,925000
"467","Richard Bleier","RP","BAL",33,1,915000,915000
"468","Nick Goody","RP","TEX",28,1,915000,915000
"469","Luke Maile","C","PIT",29,1,9e+05,9e+05
"470","Noe Ramirez","RP","LAA",30,1,9e+05,9e+05
"471","Kevin Plawecki","C","BOS",29,1,9e+05,9e+05
"472","Luis Cessa","RP","NYY",28,1,895000,895000
"473","J.T. Riddle","SS","PIT",28,1,850000,850000
"474","Tommy Hunter","RP","PHI",34,1,850000,850000
"475","Ji-Man Choi","1B","TB",29,1,850000,850000
"476","Jeremy Jeffress","RP","CHC",32,1,850000,850000
"477","Jordan Montgomery","SP","NYY",27,1,805000,805000
"478","Kohl Stewart","SP","BAL",25,1,8e+05,8e+05
"479","Wade LeBlanc","SP","BAL",35,1,8e+05,8e+05
"480","Max Stassi","C","LAA",29,1,8e+05,8e+05
"481","Keynan Middleton","RP","LAA",26,1,8e+05,8e+05
"482","Adam Warren","RP","NYY",32,1,8e+05,8e+05
"483","Rafael Montero","RP","TEX",29,1,785000,785000
"484","Jonathan Holder","RP","NYY",28,1,750000,750000
"485","Deolis Guerra","RP","PHI",31,1,750000,750000
"486","Matt Wisler","RP","MIN",27,1,725000,725000
"487","Erik Gonzalez","2B","PIT",28,1,725000,725000
"488","Andrew Knapp","C","PHI",28,1,710000,710000
"489","Shohei Ohtani","SP","LAA",25,1,7e+05,7e+05
"490","Niko Goodrum","SS","DET",28,1,698200,698200
"491","Rafael Devers","3B","BOS",23,1,692500,692500
"492","Gleyber Torres","SS","NYY",23,1,675500,675500
"493","Luis Castillo","SP","CIN",27,1,663500,663500
"494","Pete Alonso","1B","NYM",25,1,652521,652521
"495","Scott Barlow","RP","KC",27,1,650000,650000
"496","Dustin Garneau","C","HOU",32,1,650000,650000
"497","Luke Voit","1B","NYY",29,1,634000,634000
"498","Richard Rodriguez","RP","PIT",30,1,633500,633500
"499","Brandon Woodruff","SP","MIL",27,1,633100,633100
"500","Miguel Andujar","3B","NYY",25,1,632500,632500
"501","Juan Soto","LF","WSH",21,1,629400,629400
"502","Lucas Giolito","SP","CHW",25,1,627000,627000
"503","Ian Happ","CF","CHC",25,1,624000,624000
"504","Matt Chapman","3B","OAK",27,1,623500,623500
"505","Shane Bieber","SP","CLE",25,1,623200,623200
"506","Sandy Alcantara","SP","MIA",24,1,620000,620000
"507","Mitch Garver","C","MIN",29,1,620000,620000
"508","Jeff McNeil","3B","NYM",28,1,617676,617676
"509","Brian Anderson","RF","MIA",27,1,615000,615000
"510","Brad Keller","SP","KC",24,1,613000,613000
"511","Hunter Dozier","OF","KC",28,1,610500,610500
"512","Tyler Mahle","SP","CIN",25,1,609793,609793
"513","Amed Rosario","SS","NYM",24,1,608780,608780
"514","James Hoyt","RP","CLE",33,1,608500,608500
"515","Jake Junis","SP","KC",27,1,608000,608000
"516","Yordan Alvarez","DH","HOU",22,1,607000,607000
"517","Reynaldo Lopez","SP","CHW",26,1,605000,605000
"518","Jesse Winker","LF","CIN",26,1,605000,605000
"519","Rhys Hoskins","1B","PHI",27,1,605000,605000
"520","Adalberto Mondesi","SS","KC",24,1,604500,604500
"521","Glenn Sparkman","SP","KC",28,1,604500,604500
"522","Jack Flaherty","SP","STL",24,1,604500,604500
"523","Ryne Stanek","RP","MIA",28,1,604200,604200
"524","Walker Buehler","SP","LAD",25,1,603500,603500
"525","Matt Olson","1B","OAK",26,1,603500,603500
"526","Mike Tauchman","CF","NYY",29,1,603100,603100
"527","Sam Gaviglio","RP","TOR",30,1,602900,602900
"528","Teoscar Hernandez","LF","TOR",27,1,602200,602200
"529","Alex Verdugo","OF","BOS",24,1,601500,601500
"530","Ryan Weber","SP","BOS",29,1,6e+05,6e+05
"531","Collin McHugh","SP","BOS",33,1,6e+05,6e+05
"532","Joey Lucchesi","SP","SD",27,1,599300,599300
"533","Tony Kemp","2B","OAK",28,1,597100,597100
"534","Luke Weaver","SP","ARI",26,1,597000,597000
"535","Luis Arraez","2B","MIN",23,1,596000,596000
"536","Amir Garrett","RP","CIN",28,1,595000,595000
"537","Jorge Alfaro","C","MIA",27,1,595000,595000
"538","Jon Berti","2B","MIA",30,1,595000,595000
"539","Sean Newcomb","SP","ATL",27,1,593500,593500
"540","Dylan Floro","RP","LAD",29,1,593500,593500
"541","David Fletcher","2B","LAA",26,1,593500,593500
"542","Colin Moran","3B","PIT",27,1,593500,593500
"543","Victor Robles","OF","WSH",23,1,592800,592800
"544","J.D. Davis","OF","NYM",27,1,592463,592463
"545","Robert Stephenson","RP","CIN",27,1,592000,592000
"546","Wilmer Font","RP","TOR",30,1,592000,592000
"547","Victor Caratini","C","CHC",26,1,592000,592000
"548","Fernando Tatis Jr.","SS","SD",21,1,591800,591800
"549","Emilio Pagan","RP","SD",29,1,591000,591000
"550","Josh James","RP","HOU",27,1,590700,590700
"551","Steven Brault","SP","PIT",28,1,590500,590500
"552","Brandon Brennan","RP","SEA",28,1,590400,590400
"553","Harrison Bader","RF","STL",26,1,590100,590100
"554","Jace Fry","RP","CHW",26,1,590000,590000
"555","Kyle Crick","RP","PIT",27,1,590000,590000
"556","Christian Walker","1B","ARI",29,1,589500,589500
"557","Bryan Reynolds","OF","PIT",25,1,589500,589500
"558","Jose Osuna","1B","PIT",27,1,589500,589500
"559","Kevin Newman","SS","PIT",26,1,589000,589000
"560","Trevor Gott","RP","SF",27,1,588500,588500
"561","Chris Stratton","RP","PIT",29,1,588500,588500
"562","Jarlin Garcia","RP","SF",27,1,588500,588500
"563","Reyes Moronta","RP","SF",27,1,588500,588500
"564","Chris Paddack","SP","SD",24,1,588500,588500
"565","Adam Engel","CF","CHW",28,1,588000,588000
"566","Nick Pivetta","RP","PHI",27,1,588000,588000
"567","Ronald Guzman","1B","TEX",25,1,588000,588000
"568","John Brebbia","RP","STL",30,1,587600,587600
"569","Jake Cave","RF","MIN",27,1,587500,587500
"570","Isiah Kiner-Falefa","C","TEX",25,1,587000,587000
"571","Jorge Lopez","SP","KC",27,1,586750,586750
"572","Caleb Smith","SP","MIA",28,1,586500,586500
"573","Jacob Stallings","C","PIT",30,1,586500,586500
"574","Franmil Reyes","DH","CLE",24,1,586400,586400
"575","Tim Hill","RP","KC",30,1,585750,585750
"576","Austin Pruitt","RP","HOU",30,1,584900,584900
"577","Joe Jimenez","RP","DET",25,1,584900,584900
"578","Hector Velazquez","RP","BAL",31,1,584500,584500
"579","Ryan Brasier","RP","BOS",32,1,584500,584500
"580","Silvino Bracho","RP","ARI",27,1,584100,584100
"581","Michael Soroka","SP","ATL",22,1,583500,583500
"582","Max Fried","SP","ATL",26,1,583500,583500
"583","Adam Kolarek","RP","LAD",31,1,583500,583500
"584","Jeimer Candelario","3B","DET",26,1,583300,583300
"585","Tyler Wade","2B","NYY",25,1,582800,582800
"586","Giovanny Gallegos","RP","STL",28,1,582400,582400
"587","Eric Lauer","SP","MIL",25,1,582300,582300
"588","Framber Valdez","RP","HOU",26,1,582200,582200
"589","Wander Suero","RP","WSH",28,1,582200,582200
"590","Keston Hiura","2B","MIL",23,1,582100,582100
"591","Trent Thornton","RP","TOR",26,1,581900,581900
"592","Tommy Edman","OF","STL",25,1,581800,581800
"593","Carson Kelly","C","ARI",25,1,581700,581700
"594","Adrian Houser","SP","MIL",27,1,581600,581600
"595","Adam Cimber","RP","CLE",29,1,581500,581500
"596","Dan Vogelbach","1B","SEA",27,1,580900,580900
"597","Danny Jansen","C","TOR",25,1,580900,580900
"598","Jonathan Loaisiga","SP","NYY",25,1,580625,580625
"599","Cameron Gallagher","C","KC",27,1,580500,580500
"600","Dakota Hudson","SP","STL",25,1,580500,580500
"601","John Means","SP","BAL",27,1,580000,580000
"602","Lewis Brinson","CF","MIA",26,1,580000,580000
"603","Garrett Cooper","RF","MIA",29,1,580000,580000
"604","Mike Ford","1B","NYY",27,1,579800,579800
"605","Derek Fisher","RF","TOR",26,1,579600,579600
"606","Marcus Walden","RP","BOS",31,1,579500,579500
"607","Willy Adames","SS","TB",24,1,579500,579500
"608","Clay Holmes","RP","PIT",27,1,579500,579500
"609","Vladimir Guerrero","3B","TOR",21,1,579300,579300
"610","Kyle Higashioka","C","NYY",30,1,579200,579200
"611","Austin Meadows","CF","TB",25,1,578900,578900
"612","Dominic Smith","1B","NYM",25,1,578826,578826
"613","Jordan Hicks","RP","STL",23,1,578800,578800
"614","Ty Buttrey","RP","LAA",27,1,578500,578500
"615","Ryan Yarbrough","SP","TB",28,1,578500,578500
"616","Yoan Lopez","RP","ARI",27,1,578100,578100
"617","Renato Nunez","3B","BAL",26,1,578000,578000
"618","Stefan Crichton","RP","ARI",28,1,577500,577500
"619","Casey Sadler","RP","CHC",29,1,577500,577500
"620","Lucas Sims","RP","CIN",26,1,577500,577500
"621","Mitch Keller","SP","PIT",24,1,577500,577500
"622","Tom Murphy","C","SEA",29,1,577300,577300
"623","Nick Anderson","RP","TB",29,1,577300,577300
"624","Willie Calhoun","LF","TEX",25,1,577000,577000
"625","Josh Taylor","RP","BOS",27,1,577000,577000
"626","Justin Anderson","RP","LAA",27,1,577000,577000
"627","Ryan O'Hearn","1B","KC",26,1,576950,576950
"628","Tomas Nido","C","NYM",26,1,576826,576826
"629","Yonny Chirinos","SP","TB",26,1,576700,576700
"630","Cavan Biggio","2B","TOR",25,1,576600,576600
"631","Yandy Diaz","3B","TB",28,1,576600,576600
"632","Andrew Suarez","SP","SF",27,1,576000,576000
"633","Austin Slater","LF","SF",27,1,576000,576000
"634","Pedro Severino","C","BAL",26,1,576000,576000
"635","Tyler Webb","RP","STL",29,1,575800,575800
"636","J.P. Crawford","SS","SEA",25,1,575800,575800
"637","Diego Castillo","RP","TB",26,1,575800,575800
"638","Joe Wendle","2B","TB",30,1,575600,575600
"639","Randy Rosario","RP","KC",26,1,575175,575175
"640","Zac Gallen","SP","ARI",24,1,575000,575000
"641","Asher Wojciechowski","SP","BAL",31,1,575000,575000
"642","Dylan Cease","SP","CHW",24,1,575000,575000
"643","James Pazos","RP","COL",29,1,575000,575000
"644","Pablo Lopez","SP","MIA",24,1,575000,575000
"645","Matt Magill","RP","SEA",30,1,574900,574900
"646","Adam Plutko","RP","CLE",28,1,574800,574800
"647","Jose Urquidy","SP","HOU",25,1,574600,574600
"648","Nick Burdi","RP","PIT",27,1,574500,574500
"649","Jordan Luplow","LF","CLE",26,1,574500,574500
"650","Tim Locastro","OF","ARI",27,1,574400,574400
"651","Jimmy Cordero","RP","CHW",28,1,574000,574000
"652","Victor Reyes","OF","DET",25,1,573900,573900
"653","Frankie Montas","SP","OAK",27,1,573500,573500
"654","Daniel Mengden","SP","OAK",27,1,573500,573500
"655","Dan Altavilla","RP","SEA",27,1,573500,573500
"656","Phillip Ervin","CF","CIN",27,1,573500,573500
"657","Shawn Armstrong","RP","BAL",29,1,573500,573500
"658","Cody Reed","RP","CIN",27,1,573500,573500
"659","Austin Brice","RP","BOS",28,1,573500,573500
"660","Jairo Diaz","RP","COL",29,1,573500,573500
"661","Spencer Turnbull","SP","DET",27,1,573500,573500
"662","Antonio Senzatela","SP","COL",25,1,573500,573500
"663","Raimel Tapia","CF","COL",26,1,573500,573500
"664","Ryan McMahon","2B","COL",25,1,573500,573500
"665","Will Smith","C","LAD",25,1,573500,573500
"666","Matt Beaty","3B","LAD",27,1,573500,573500
"667","Tyler O'Neill","OF","STL",25,1,573400,573400
"668","Oscar Mercado","OF","CLE",25,1,573400,573400
"669","Jose Alvarado","RP","TB",25,1,573100,573100
"670","Rio Ruiz","3B","BAL",26,1,573000,573000
"671","Mike Mayers","RP","LAA",28,1,573000,573000
"672","Ildemaro Vargas","2B","ARI",28,1,572600,572600
"673","Anthony Santander","LF","BAL",25,1,572500,572500
"674","Jalen Beeks","RP","TB",26,1,572400,572400
"675","Tanner Rainey","RP","WSH",27,1,572200,572200
"676","Phil Maton","RP","CLE",27,1,572100,572100
"677","Dovydas Neverauskas","RP","PIT",27,1,572000,572000
"678","Grayson Greiner","C","DET",27,1,571800,571800
"679","Cal Quantrill","SP","SD",25,1,571800,571800
"680","Christin Stewart","LF","DET",26,1,571600,571600
"681","Seranthony Dominguez","RP","PHI",25,1,571500,571500
"682","Rowan Wick","RP","CHC",27,1,571500,571500
"683","Brad Wieck","RP","CHC",28,1,571500,571500
"684","Elieser Hernandez","RP","MIA",25,1,571500,571500
"685","Hunter Wood","RP","CLE",26,1,571300,571300
"686","Greg Allen","OF","CLE",27,1,571300,571300
"687","Myles Straw","CF","HOU",25,1,571300,571300
"688","Nicholas Lopez","2B","KC",25,1,571250,571250
"689","Jose Cisnero","RP","DET",31,1,571200,571200
"690","Franchy Cordero","OF","SD",25,1,571100,571100
"691","Zack Littell","RP","MIN",24,1,571000,571000
"692","Chance Sisco","C","BAL",25,1,571000,571000
"693","Kyle Farmer","C","CIN",29,1,571000,571000
"694","Paul Fry","RP","BAL",27,1,571000,571000
"695","Cody Stashak","RP","MIN",26,1,571000,571000
"696","Michael Chavis","2B","BOS",24,1,571000,571000
"697","Austin Adams","RP","SEA",33,1,570900,570900
"698","Austin Nola","C","SEA",30,1,570800,570800
"699","Brett Martin","P","TEX",25,1,570500,570500
"700","Griffin Canning","SP","LAA",24,1,570500,570500
"701","Dylan Moore","SS","SEA",27,1,570100,570100
"702","Dawel Lugo","SS","DET",25,1,570100,570100
"703","Bo Bichette","SS","TOR",22,1,570000,570000
"704","Corbin Burnes","RP","MIL",25,1,570000,570000
"705","Ranger Suarez","RP","PHI",24,1,570000,570000
"706","Carson Fulmer","RP","CHW",26,1,570000,570000
"707","Nick Senzel","3B","CIN",24,1,570000,570000
"708","Luis Rengifo","SS","LAA",23,1,570000,570000
"709","Francisco Mejia","C","SD",24,1,569800,569800
"710","Jose Castillo","RP","SD",24,1,569800,569800
"711","Tyler Beede","SP","SF",27,1,569750,569750
"712","Mike Yastrzemski","OF","SF",29,1,569750,569750
"713","Brett Phillips","RF","KC",26,1,569625,569625
"714","Adam Haseley","OF","PHI",24,1,569500,569500
"715","Alec Mills","RP","CHC",28,1,569500,569500
"716","Reese McGuire","C","TOR",25,1,569400,569400
"717","Rogelio Armenteros","SP","HOU",25,1,569100,569100
"718","Ryan Helsley","P","STL",25,1,569000,569000
"719","Roman Quinn","CF","PHI",27,1,569000,569000
"720","Austin Voth","RP","WSH",27,1,568900,568900
"721","Luis Urias","2B","MIL",23,1,568800,568800
"722","Lane Thomas","CF","STL",24,1,568800,568800
"723","Kyle Tucker","LF","HOU",23,1,568700,568700
"724","Nestor Cortes","RP","SEA",25,1,568700,568700
"725","Kevin Ginkel","RP","ARI",26,1,568600,568600
"726","J.B. Wendelken","RP","OAK",27,1,568500,568500
"727","Franklin Barreto","SS","OAK",24,1,568500,568500
"728","Ramon Laureano","OF","OAK",25,1,568500,568500
"729","Lou Trivino","RP","OAK",28,1,568500,568500
"730","Josh VanMeter","2B","CIN",25,1,568500,568500
"731","Tanner Scott","RP","BAL",25,1,568500,568500
"732","Jeff Hoffman","SP","COL",27,1,568500,568500
"733","Colin Poche","P","TB",26,1,568400,568400
"734","Bubba Starling","CF","KC",27,1,568250,568250
"735","Richie Martin","SS","BAL",25,1,568000,568000
"736","Jordan Romano","P","TOR",27,1,567800,567800
"737","Gregory Soto","RP","DET",25,1,567800,567800
"738","Shed Long","2B","SEA",24,1,567600,567600
"739","Luke Farrell","RP","TEX",29,1,567500,567500
"740","Yohander Mendez","RP","TEX",25,1,567500,567500
"741","D.J. Stewart","RF","BAL",26,1,567500,567500
"742","Austin Hays","CF","BAL",24,1,567500,567500
"743","Bryan Abreu","RP","HOU",23,1,567200,567200
"744","Matt Thaiss","1B","LAA",25,1,567000,567000
"745","Anthony Alford","OF","TOR",25,1,566800,566800
"746","Trent Grisham","RF","SD",23,1,566800,566800
"747","Timmy Lopes","2B","SEA",26,1,566700,566700
"748","Aramis Garcia","C","SF",27,1,566625,566625
"749","Mauricio Dubon","SS","SF",25,1,566625,566625
"750","Sam Coonrod","RP","SF",27,1,566625,566625
"751","Michael Perez","C","TB",27,1,566600,566600
"752","Evan Phillips","RP","BAL",25,1,566500,566500
"753","Justus Sheffield","SP","SEA",24,1,566300,566300
"754","Andres Munoz","P","SD",21,1,566300,566300
"755","Ray Black","RP","MIL",29,1,566200,566200
"756","Luis Guillorme","SS","NYM",25,1,566054,566054
"757","Walker Lockett","RP","NYM",26,1,566025,566025
"758","Rangel Ravelo","1B","STL",28,1,566000,566000
"759","Austin Allen","C","OAK",26,1,566000,566000
"760","Jefry Rodriguez","RP","CLE",26,1,566000,566000
"761","Darwinzon Hernandez","RP","BOS",23,1,566000,566000
"762","Gavin Lux","SS","LAD",22,1,566000,566000
"763","Josh Staumont","RP","KC",26,1,565950,565950
"764","David McKay","RP","DET",25,1,565800,565800
"765","Patrick Sandoval","SP","LAA",23,1,565750,565750
"766","Corbin Martin","SP","ARI",24,1,565700,565700
"767","Peter Lambert","SP","COL",23,1,565500,565500
"768","Nick Solak","2B","TEX",25,1,565500,565500
"769","Taylor Guilbeau","P","SEA",27,1,565500,565500
"770","Yency Almonte","RP","COL",26,1,565500,565500
"771","Christian Arroyo","SS","CLE",25,1,565500,565500
"772","Josh Fuentes","1B","COL",27,1,565500,565500
"773","Sam Hilliard","OF","COL",26,1,565500,565500
"774","Kyle Lewis","OF","SEA",24,1,565000,565000
"775","Hunter Harvey","RP","BAL",25,1,565000,565000
"776","Duane Underwood","RP","CHC",25,1,565000,565000
"777","Jordan Yamamoto","SP","MIA",24,1,565000,565000
"778","Andrew Velazquez","3B","BAL",25,1,564900,564900
"779","Emmanuel Clase","RP","CLE",22,1,564800,564800
"780","Ryan McBroom","1B","KC",28,1,564775,564775
"781","Tyler Rogers","P","SF",29,1,564750,564750
"782","Pete Fairbanks","P","TB",26,1,564700,564700
"783","Brock Burke","SP","TEX",23,1,564500,564500
"784","Adolis Garcia","OF","TEX",27,1,564500,564500
"785","Bryan Garcia","RP","DET",25,1,564400,564400
"786","Yennsy Diaz","SP","TOR",23,1,564000,564000
"787","Jake Fraley","OF","SEA",25,1,563800,563800
"788","Jesus Luzardo","SP","OAK",22,1,563500,563500
"789","Sean Murphy","C","OAK",25,1,563500,563500
"790","Dany Jimenez","P","SF",26,1,563500,563500
"791","Yohan Ramirez","P","SEA",25,1,563500,563500
"792","Danny Mendick","SS","CHW",26,1,563500,563500
"793","Jonathan Arauz","SS","BOS",21,1,563500,563500
"794","Rony Garcia","RP","DET",22,1,563500,563500
"795","Stephen Woods","RP","KC",25,1,563500,563500
"796","Magneuris Sierra","CF","MIA",24,1,563500,563500
"797","Jeff Brigham","RP","MIA",28,1,563500,563500
"798","Stephen Tarpley","RP","MIA",27,1,563500,563500
"799","Isan Diaz","2B","MIA",24,1,563500,563500
"800","Robert Dugger","P","MIA",24,1,563500,563500
"801","Sterling Sharp","RP","MIA",25,1,563500,563500
"802","A.J. Puk","P","OAK",25,1,563500,563500
"803","Jose Quijada","RP","LAA",24,1,563500,563500
